<changelog><commit>
					<time>1531208981</time>
					<sha1>34c6c3ec052563c6879b371b38221f0523cecaec</sha1>
					<author>RusheelIyer</author>
					<branches>refs/heads/master</branches>
					<msg>fixed errors in the test cases and added global variables</msg>
				</commit><commit>
					<time>1531159841</time>
					<sha1>33cc329226f241d1ccab5fc41d4cf708ecdec350</sha1>
					<author>Rusheel</author>
					<branches>refs/heads/master</branches>
					<msg>packaged maven project</msg>
				</commit><commit>
					<time>1531159141</time>
					<sha1>5a25010ac62429454245761fc71fb6cc425a836e</sha1>
					<author>Rusheel</author>
					<branches>refs/heads/master</branches>
					<msg>created test  test cases for functinoal and non-functional requirements</msg>
				</commit><commit>
					<time>1530970355</time>
					<sha1>9ec99040827ebea0944e252872587a0f1d880e3c</sha1>
					<author>RusheelIyer</author>
					<branches>refs/heads/master</branches>
					<msg>git ignore modified</msg>
				</commit><commit>
					<time>1530970196</time>
					<sha1>c3c3eced2747977c474c331c90274b7168169036</sha1>
					<author>RusheelIyer</author>
					<branches>refs/heads/master</branches>
					<msg>added to gitignore</msg>
				</commit><commit>
					<time>1530959450</time>
					<sha1>1149412f802c103494979294fdade9024499a3af</sha1>
					<author>RusheelIyer</author>
					<branches>refs/heads/master</branches>
					<msg>merge</msg>
				</commit><commit>
					<time>1530811055</time>
					<sha1>2e919009f74b49490a351930e38c882b6e029ac3</sha1>
					<author>RusheelIyer</author>
					<branches>refs/heads/master</branches>
					<msg>created parallel watermark filter</msg>
				</commit><commit>
					<time>1529330628</time>
					<sha1>eff6e10b7c7dbadf5726518a1d06ab9aef160725</sha1>
					<author>Rusheel</author>
					<branches>refs/heads/master</branches>
					<msg>implementation of the Text Watermark Supplier</msg>
				</commit><commit>
					<time>1529329927</time>
					<sha1>38791f2554b4da3d2c454ff048a7164b0c6936e8</sha1>
					<author>Rusheel</author>
					<branches>refs/heads/master</branches>
					<msg>created the abstractwatermarksupplier template class</msg>
				</commit><commit>
					<time>1529328823</time>
					<sha1>fb93ef98e94b5df3dab2003da6e2a1c7273d30b3</sha1>
					<author>Rusheel</author>
					<branches>refs/heads/master</branches>
					<msg>new Alpha Filter created to halve alpha values</msg>
				</commit><commit>
					<time>1528307662</time>
					<sha1>c4b1719345a8d948f5560f85afeb53397981b017</sha1>
					<author>Rusheel</author>
					<branches>refs/heads/master</branches>
					<msg>display information when mouse hovers over the button</msg>
				</commit><commit>
					<time>1528307395</time>
					<sha1>5e0e80b81a5ccbebd134e668f77c19614ab3605d</sha1>
					<author>Rusheel</author>
					<branches>refs/heads/master</branches>
					<msg>implemented reduce image size option</msg>
				</commit><commit>
					<time>1528306227</time>
					<sha1>0e37a2b9e2110230618bc413d1e36314aa03ba6b</sha1>
					<author>Rusheel</author>
					<branches>refs/heads/master</branches>
					<msg>implemented save button</msg>
				</commit><commit>
					<time>1528304108</time>
					<sha1>52bd15e43f01d0a9dbd2a6a892966a0838042fac</sha1>
					<author>Rusheel</author>
					<branches>refs/heads/master</branches>
					<msg>enable run and save buttons only when init is clicked with valid watermarks per row input implemented</msg>
				</commit><commit>
					<time>1528303436</time>
					<sha1>daa6b672c5d61873f1f1efa5d5909a0bf6f50a36</sha1>
					<author>Rusheel</author>
					<branches>refs/heads/master</branches>
					<msg>disable run and save button when grayscale or threshold values changed</msg>
				</commit><commit>
					<time>1528302163</time>
					<sha1>861a0082a7c47e734b1f6eedbdf036cc8078a326</sha1>
					<author>Rusheel</author>
					<branches>refs/heads/master</branches>
					<msg>added scroll pane to the output dialog in case picture too big</msg>
				</commit><commit>
					<time>1528301253</time>
					<sha1>0d992292af979bccc18f530ac74c5a208c1cc3c5</sha1>
					<author>Rusheel</author>
					<branches>refs/heads/master</branches>
					<msg>opens full sized watermarked image when clicked</msg>
				</commit><commit>
					<time>1528220431</time>
					<sha1>8826be69db538d5b771f1e5f9b0c8815c1d3a4b5</sha1>
					<author>Rusheel</author>
					<branches>refs/heads/master</branches>
					<msg>implemented run button</msg>
				</commit><commit>
					<time>1528218970</time>
					<sha1>ff104ed71b64257d4b150d1bc58646ecb96dc190</sha1>
					<author>Rusheel</author>
					<branches>refs/heads/master</branches>
					<msg>implemented the init button</msg>
				</commit><commit>
					<time>1528218501</time>
					<sha1>ba69ae4732b8f20ae119daafdd3615482a134fd3</sha1>
					<author>Rusheel</author>
					<branches>refs/heads/master</branches>
					<msg>created button pane</msg>
				</commit><commit>
					<time>1528217942</time>
					<sha1>b00305a3f7654c70890534fda445f8900a93d75b</sha1>
					<author>Rusheel</author>
					<branches>refs/heads/master</branches>
					<msg>created config pane</msg>
				</commit><commit>
					<time>1528209354</time>
					<sha1>6ab2d40d0d65033f8f0a49727403d19f8fdf9ef1</sha1>
					<author>Rusheel</author>
					<branches>refs/heads/master</branches>
					<msg>changed main window frame layout</msg>
				</commit><commit>
					<time>1528207656</time>
					<sha1>3f6ba724ff51f320fe519cf79b37dc5683efd171</sha1>
					<author>Rusheel</author>
					<branches>refs/heads/master</branches>
					<msg>reverted changes (output pic is not meant to be updated as soon as input and watermarks are chosen)</msg>
				</commit><commit>
					<time>1528207141</time>
					<sha1>8af4945ae5255047e08563e207364ebc6693673d</sha1>
					<author>Rusheel</author>
					<branches>refs/heads/master</branches>
					<msg>updated git ignroe file</msg>
				</commit><commit>
					<time>1528207077</time>
					<sha1>7dc1fa6b4c0ce7d7dede446c39a137e952bb9e49</sha1>
					<author>Rusheel</author>
					<branches>refs/heads/master</branches>
					<msg>update output picture, when input picture file or watermark picture file chosen</msg>
				</commit><commit>
					<time>1528134039</time>
					<sha1>b3b4b3bc3cb34959c6339886606cd0d0f3df3920</sha1>
					<author>Rusheel</author>
					<branches>refs/heads/master</branches>
					<msg>added init button and fixed image panel layout</msg>
				</commit><commit>
					<time>1528132004</time>
					<sha1>bb42e54f23b1cd29758e9bdb8b429becbf3153a0</sha1>
					<author>Rusheel</author>
					<branches>refs/heads/master</branches>
					<msg>fixed checkstyle errors and implemented image listeners to choose new images</msg>
				</commit><commit>
					<time>1528110455</time>
					<sha1>43593dfc04ec02c074a61a53829b6a0a95d4ebf7</sha1>
					<author>Rusheel</author>
					<branches>refs/heads/master</branches>
					<msg>created image listener to choose image file</msg>
				</commit><commit>
					<time>1528108973</time>
					<sha1>9ba27073cf733b287eafb0abbe39bee50136abd2</sha1>
					<author>Rusheel</author>
					<branches>refs/heads/master</branches>
					<msg>changed the labels with images to buttons</msg>
				</commit><commit>
					<time>1528047637</time>
					<sha1>1e9495491e633efc86929f06739e150bd88a6236</sha1>
					<author>Rusheel</author>
					<branches>refs/heads/master</branches>
					<msg>created image viewing pane</msg>
				</commit><commit>
					<time>1528046792</time>
					<sha1>a4c37f6cbb5fb1263b464e85ed8195ce83d3b59f</sha1>
					<author>Rusheel</author>
					<branches>refs/heads/master</branches>
					<msg>created the main window frame</msg>
				</commit><commit>
					<time>1527920426</time>
					<sha1>130eb030f9fcc69ba1ec8800e52637a730d1ad72</sha1>
					<author>Rusheel</author>
					<branches>refs/heads/master</branches>
					<msg>added threconstructor with threshold value for WatermarkSupplier</msg>
				</commit><commit>
					<time>1526813537</time>
					<sha1>e5249e3ec22ea57cdda923e0dc20d8115cd35fa2</sha1>
					<author>Rusheel</author>
					<branches>refs/heads/master</branches>
					<msg>First Commit iMage.bundle</msg>
				</commit><commit>
					<time>1526811024</time>
					<sha1>9f28590cc4eaff91d60754109dd1ebf7e82b53da</sha1>
					<author>Rusheel</author>
					<branches>refs/heads/master</branches>
					<msg>generated required service files</msg>
				</commit><commit>
					<time>1526810372</time>
					<sha1>156adb304940dc3efd6614de8c51d40f2c8a927e</sha1>
					<author>Rusheel</author>
					<branches>refs/heads/master</branches>
					<msg>implemented run method</msg>
				</commit><commit>
					<time>1526809038</time>
					<sha1>aa364d6f90d726b93dd6bbeca5f0e6f464855bc1</sha1>
					<author>Rusheel</author>
					<branches>refs/heads/master</branches>
					<msg>implemented configure method</msg>
				</commit><commit>
					<time>1526808481</time>
					<sha1>03364a8f8bfc4d18cfd95a11d53b8593e164be5f</sha1>
					<author>Rusheel</author>
					<branches>refs/heads/master</branches>
					<msg>implemented facezine plugin and init method</msg>
				</commit><commit>
					<time>1526743980</time>
					<sha1>94a656026aa522fc32503bed6298b1c8c88ada66</sha1>
					<author>Rusheel</author>
					<branches>refs/heads/master</branches>
					<msg>added exception handling incase no plugin is available</msg>
				</commit><commit>
					<time>1526743816</time>
					<sha1>1e68e1c4f77b69db5943bc7a60540beb6646f45c</sha1>
					<author>Rusheel</author>
					<branches>refs/heads/master</branches>
					<msg>created start and configure menu items for the plugins</msg>
				</commit><commit>
					<time>1526741132</time>
					<sha1>022b55ae037c6657925bf03988d0c8569821b454</sha1>
					<author>Rusheel</author>
					<branches>refs/heads/master</branches>
					<msg>created new menu item Plugins with submenu add-plugin</msg>
				</commit><commit>
					<time>1526739561</time>
					<sha1>842570f1071f9b85d1c1a773e171069245ba7b19</sha1>
					<author>Rusheel</author>
					<branches>refs/heads/master</branches>
					<msg>implemented getPlugins() method in PluginManager</msg>
				</commit><commit>
					<time>1526738723</time>
					<sha1>bb4334a2df75e5e8846213316e449357bdb17c57</sha1>
					<author>Rusheel</author>
					<branches>refs/heads/master</branches>
					<msg>Implemented compareTo method for Jmjrstplugin class</msg>
				</commit><commit>
					<time>1526381032</time>
					<sha1>6adc94ced86e4d146f1d96006992280b05379b2b</sha1>
					<author>Rusheel</author>
					<branches>refs/heads/master</branches>
					<msg>Completed the feasibility study</msg>
				</commit><commit>
					<time>1526377067</time>
					<sha1>b4be43b9fb243c250e4346d6acb7a47949bc6797</sha1>
					<author>Rusheel</author>
					<branches>refs/heads/master</branches>
					<msg>First Commit Durchfuehrbarkeitsuntersuchung</msg>
				</commit><commit>
					<time>1526293505</time>
					<sha1>20cf2a9aec9c33c0669b50c928d05f23f9756d7c</sha1>
					<author>Rusheel</author>
					<branches>refs/heads/master</branches>
					<msg>added pom dependencies</msg>
				</commit><commit>
					<time>1526232513</time>
					<sha1>6e861327ee0967f723f079c7787c8d30b5f42b89</sha1>
					<author>Rusheel</author>
					<branches>refs/heads/master</branches>
					<msg>using smaller image file to reduce file size</msg>
				</commit><commit>
					<time>1526231787</time>
					<sha1>55eb1447ad97191ab75618102dd6364e0f03b078</sha1>
					<author>Rusheel</author>
					<branches>refs/heads/master</branches>
					<msg>added test case for Watermarker</msg>
				</commit><commit>
					<time>1526219706</time>
					<sha1>71d2de6b7569314b572fe8a100fd86eb99b5629c</sha1>
					<author>Rusheel</author>
					<branches>refs/heads/master</branches>
					<msg>Created two test cases for ImageWatermarkSupplier</msg>
				</commit><commit>
					<time>1526211215</time>
					<sha1>7c5507095c511ae3b5ea3a1a29a7855e9612ab85</sha1>
					<author>Rusheel</author>
					<branches>refs/heads/master</branches>
					<msg>implemented Watermarker</msg>
				</commit><commit>
					<time>1526210093</time>
					<sha1>f2623e4bb4d89a7601f93f3ac172df8128e123c4</sha1>
					<author>Rusheel</author>
					<branches>refs/heads/master</branches>
					<msg>made change to threshold filter, was not returning transparent image</msg>
				</commit><commit>
					<time>1526198593</time>
					<sha1>e6bc4bc8c060a67ab17cf1e18bad69a8fcce9a1a</sha1>
					<author>Rusheel</author>
					<branches>refs/heads/master</branches>
					<msg>Fixed Watxed errors in WatermarkFilter implementation</msg>
				</commit><commit>
					<time>1526140493</time>
					<sha1>0aad6a603fa974ae5558de7380ab6aaacac90475</sha1>
					<author>Rusheel</author>
					<branches>refs/heads/master</branches>
					<msg>Implemented WatermarkFilter</msg>
				</commit><commit>
					<time>1526138033</time>
					<sha1>6c6e21be286f31b10b962c66308ac59868374a47</sha1>
					<author>Rusheel</author>
					<branches>refs/heads/master</branches>
					<msg>implemented ImageWatermarkSupplier Class</msg>
				</commit><commit>
					<time>1526137473</time>
					<sha1>9872cabda82ec863377ec7eaf18117056407e1d0</sha1>
					<author>Rusheel</author>
					<branches>refs/heads/master</branches>
					<msg>added few test examples to scale filter test</msg>
				</commit><commit>
					<time>1526036273</time>
					<sha1>78c48901c63b7f7858ca67b28c395f8949892b6a</sha1>
					<author>Rusheel</author>
					<branches>refs/heads/master</branches>
					<msg>made changes to scale filter implementation and added few test cases</msg>
				</commit><commit>
					<time>1526033975</time>
					<sha1>bf5a53f6a4534cece8a859b060f3b784ef49f510</sha1>
					<author>Rusheel</author>
					<branches>refs/heads/master</branches>
					<msg>created scale filter and test cases for it</msg>
				</commit><commit>
					<time>1526030606</time>
					<sha1>c3f31e92e532ea5be6a157db5d633024e32d96c5</sha1>
					<author>Rusheel</author>
					<branches>refs/heads/master</branches>
					<msg>improved performance time on GrayscaleFilter Test cases by applying filter before loop</msg>
				</commit><commit>
					<time>1526030301</time>
					<sha1>70fe9eb32d92cd55a6df91b059b6fc69408b7615</sha1>
					<author>Rusheel</author>
					<branches>refs/heads/master</branches>
					<msg>added test cases for the threshold filter</msg>
				</commit><commit>
					<time>1526028306</time>
					<sha1>12030d87da9bd933cfd8e0ec1a98bd85cea381a8</sha1>
					<author>Rusheel</author>
					<branches>refs/heads/master</branches>
					<msg>Added test case for Threshold Filter and fixed the error in the Threshold Filter class</msg>
				</commit><commit>
					<time>1525975106</time>
					<sha1>5eb7891319b17eead170755193f1379e58f04795</sha1>
					<author>Rusheel</author>
					<branches>refs/heads/master</branches>
					<msg>Threshold Filter Implemented</msg>
				</commit><commit>
					<time>1525972936</time>
					<sha1>7db5af471d8e43b407b30c81deeaf36e43746420</sha1>
					<author>Rusheel</author>
					<branches>refs/heads/master</branches>
					<msg>Added test case for the Grayscale filter</msg>
				</commit><commit>
					<time>1525965391</time>
					<sha1>8696a9748a7c22de05ee0b1a768d512808152f51</sha1>
					<author>Rusheel</author>
					<branches>refs/heads/master</branches>
					<msg>added grayscalefilter implementation</msg>
				</commit><commit>
					<time>1525963901</time>
					<sha1>246b35178c1709eb7f0f28f5d0ddda6f061c8255</sha1>
					<author>Rusheel</author>
					<branches>refs/heads/master</branches>
					<msg>Added Module Templates to workspace</msg>
				</commit><commit>
					<time>1525797276</time>
					<sha1>90134cd16e3a4361a0d36c6afe4e52b2f1619b9e</sha1>
					<author>uomvb</author>
					<branches>refs/heads/master</branches>
					<msg>Added Scenarios and description of the use cases</msg>
				</commit><commit>
					<time>1525796223</time>
					<sha1>a83537e90e2872ef783d0905c93b4f9eef78e7bd</sha1>
					<author>Rusheel</author>
					<branches>refs/heads/master</branches>
					<msg>removed spellcheck lines from use case diagram</msg>
				</commit><commit>
					<time>1525796090</time>
					<sha1>e928a8804625643c27668129916642838ce9031c</sha1>
					<author>Rusheel</author>
					<branches>refs/heads/master</branches>
					<msg>Edited the existing use case diagram</msg>
				</commit><commit>
					<time>1525693186</time>
					<sha1>f44ee6b929165358cf0a10b43fa7c84f04bcd3a0</sha1>
					<author>uomvb</author>
					<branches>refs/heads/master</branches>
					<msg>Added use case diagram</msg>
				</commit><commit>
					<time>1525692710</time>
					<sha1>287a06fff1543be01c88869314e6c323cc60cd76</sha1>
					<author>Rusheel</author>
					<branches>refs/heads/master</branches>
					<msg>changed use case file format</msg>
				</commit><commit>
					<time>1525692526</time>
					<sha1>e3d7fcbfb32699bc3925c95dbed964973dc13b27</sha1>
					<author>Rusheel</author>
					<branches>refs/heads/master</branches>
					<msg>edited use case diagram</msg>
				</commit><commit>
					<time>1525692276</time>
					<sha1>d104e93ffb808bda2da190c602d1cc9c0d0e4a16</sha1>
					<author>uomvb</author>
					<branches>refs/heads/master</branches>
					<msg>Merge branch 'master' of https://github.com/RusheelIyer/softwaretechnik
&quot;getting files from remote repo&quot;</msg>
				</commit><commit>
					<time>1525692230</time>
					<sha1>3d99dbdec0966acc5ff25f834a25ad87c6889819</sha1>
					<author>Rusheel</author>
					<branches>refs/heads/master</branches>
					<msg>created use case diagram</msg>
				</commit><commit>
					<time>1525688895</time>
					<sha1>a5ba16918bb6cc88074a322a7860564778943d35</sha1>
					<author>uomvb</author>
					<branches>refs/heads/master</branches>
					<msg>Created Glossary</msg>
				</commit><commit>
					<time>1525687970</time>
					<sha1>558eefcde30a2d6f98b48e4cd54592768954877a</sha1>
					<author>uomvb</author>
					<branches>refs/heads/master</branches>
					<msg>Added extra functional requirement as well as non-functional requirements</msg>
				</commit><commit>
					<time>1525687272</time>
					<sha1>4c89cf3a5020c07988b40ef446eb6b620bb240c2</sha1>
					<author>uomvb</author>
					<branches>refs/heads/master</branches>
					<msg>Added funktionale Anforderungen und Produktdaten</msg>
				</commit><commit>
					<time>1525686863</time>
					<sha1>94e76eb30a370192e783c0cdf9da544b2a896db6</sha1>
					<author>uomvb</author>
					<branches>refs/heads/master</branches>
					<msg>added produkteinsatz</msg>
				</commit><commit>
					<time>1525685455</time>
					<sha1>e3eba8887ecfc930888bc2f6d5ec9181c19eb721</sha1>
					<author>uomvb</author>
					<branches>refs/heads/master</branches>
					<msg>Added the goal of the software to the Lastenheft</msg>
				</commit><commit>
					<time>1525684635</time>
					<sha1>85f159112cf784e9eb4dbc27b4948e8e7181b724</sha1>
					<author>uomvb</author>
					<branches>refs/heads/master</branches>
					<msg>Made title and author information changes</msg>
				</commit><commit>
					<time>1525683214</time>
					<sha1>83b1c83eafa57b43b8b1179f429bd39f6dfa3f27</sha1>
					<author>uomvb</author>
					<branches>refs/heads/master</branches>
					<msg>re-added deleted gitignore file</msg>
				</commit><commit>
					<time>1525630018</time>
					<sha1>a3eca3312ab5a70be4549970b4877520f63f8e99</sha1>
					<author>Rusheel</author>
					<branches>refs/heads/master</branches>
					<msg>First Commit</msg>
				</commit><commit>
					<time>1525629172</time>
					<sha1>0c8d78d12bc9a6790e7e63f1e3cc69744500b13c</sha1>
					<author>Rusheel</author>
					<branches>refs/heads/master</branches>
					<msg>First Commit</msg>
				</commit><commit>
					<time>1525180309</time>
					<sha1>192107d089741a7b418e97df1f09317dbed3c08f</sha1>
					<author>Rusheel</author>
					<branches>refs/heads/master</branches>
					<msg>Aufgabe 3</msg>
				</commit><commit>
					<time>1525180224</time>
					<sha1>88a5289743844341badbd468b59511993a12ef3a</sha1>
					<author>Rusheel</author>
					<branches>refs/heads/master</branches>
					<msg>test other rotate methods using file as argument</msg>
				</commit><commit>
					<time>1525179892</time>
					<sha1>1f3fe5cd22d49129beb2942c2fe42560737be230</sha1>
					<author>Rusheel</author>
					<branches>refs/heads/master</branches>
					<msg>test cases for different option modes</msg>
				</commit><commit>
					<time>1525179760</time>
					<sha1>ac889ad16905b27d903ed5ba296324fddd68d115</sha1>
					<author>Rusheel</author>
					<branches>refs/heads/master</branches>
					<msg>Landscape Image scaling test</msg>
				</commit><commit>
					<time>1525179618</time>
					<sha1>26465c061fa3058d0e328eb7c1473fe1866fdfc2</sha1>
					<author>Rusheel</author>
					<branches>refs/heads/master</branches>
					<msg>Test Case to test portrait image scaling</msg>
				</commit><commit>
					<time>1525179397</time>
					<sha1>73eb70a655a848df2c117228d307a48c467cf7ba</sha1>
					<author>Rusheel</author>
					<branches>refs/heads/master</branches>
					<msg>Aufgabe 2</msg>
				</commit><commit>
					<time>1525179253</time>
					<sha1>8be5b0e9aa6fbfcfa6dd1d9490d6d7f5db46a4c5</sha1>
					<author>Rusheel</author>
					<branches>refs/heads/master</branches>
					<msg>Adjusted file structure for test class</msg>
				</commit><commit>
					<time>1525178995</time>
					<sha1>094ad3804e04463ee0c4f3f6f7bfb2320cd153ed</sha1>
					<author>Rusheel</author>
					<branches>refs/heads/master</branches>
					<msg>Aufgabe 2</msg>
				</commit><commit>
					<time>1525178862</time>
					<sha1>ed98e0360b1825967413b0cb912d7e353bea5afe</sha1>
					<author>Rusheel</author>
					<branches>refs/heads/master</branches>
					<msg>Aufgabe 2i</msg>
				</commit><commit>
					<time>1525178699</time>
					<sha1>073d90723f85666613b794391e8ab1e1a609abd9</sha1>
					<author>Rusheel</author>
					<branches>refs/heads/master</branches>
					<msg>Aufgabe 2h</msg>
				</commit><commit>
					<time>1525178383</time>
					<sha1>aa3bb60d3a101019971acfd6629377b8391a0fb7</sha1>
					<author>Rusheel</author>
					<branches>refs/heads/master</branches>
					<msg>Aufgabe 2g</msg>
				</commit><commit>
					<time>1525178212</time>
					<sha1>1981b59453e52d0e944aa7230c717b5531a00a75</sha1>
					<author>Rusheel</author>
					<branches>refs/heads/master</branches>
					<msg>Aufgabe 2f</msg>
				</commit><commit>
					<time>1525178126</time>
					<sha1>e6d76b8083078eb955683a4bebca1bb3c3655b18</sha1>
					<author>Rusheel</author>
					<branches>refs/heads/master</branches>
					<msg>Aufgabe 2e</msg>
				</commit><commit>
					<time>1525178033</time>
					<sha1>db741274f7cf1b0f4b837a05387f862ec696482e</sha1>
					<author>Rusheel</author>
					<branches>refs/heads/master</branches>
					<msg>Aufgabe 2d</msg>
				</commit><commit>
					<time>1525177898</time>
					<sha1>85eb5cdfc42b0153bda8ca2c0d1fcf1bb1d7eefd</sha1>
					<author>Rusheel</author>
					<branches>refs/heads/master</branches>
					<msg>Aufgabe 2c</msg>
				</commit><commit>
					<time>1525177630</time>
					<sha1>5b1f40b0ed779f295c0715e1dbf175f25d289265</sha1>
					<author>Rusheel</author>
					<branches>refs/heads/master</branches>
					<msg>Aufgabe 2b</msg>
				</commit><commit>
					<time>1525163700</time>
					<sha1>769db6b6c7853d019600969caf6e6be5807a7448</sha1>
					<author>Rusheel</author>
					<branches>refs/heads/master</branches>
					<msg>Aufgabe 1</msg>
				</commit><commit>
					<time>1525163622</time>
					<sha1>eff6be9ac22db0a6d1ea8bad21dccb53c5addd8c</sha1>
					<author>Rusheel</author>
					<branches>refs/heads/master</branches>
					<msg>Fixed File Structure</msg>
				</commit><commit>
					<time>1525163363</time>
					<sha1>fc5f0a01846474507833b7f96b31b32e683c1da6</sha1>
					<author>Rusheel</author>
					<branches>refs/heads/master</branches>
					<msg>Aufgabe 1k. Checkstyle Error fixes. lines 127-129 in Class Generator, fixed the catch block bracket alignment</msg>
				</commit><commit>
					<time>1525163266</time>
					<sha1>ef51e5d210661b270f41d3ccffa55ff8281097d9</sha1>
					<author>Rusheel</author>
					<branches>refs/heads/master</branches>
					<msg>Aufgabe 1i</msg>
				</commit><commit>
					<time>1525163117</time>
					<sha1>5992a36c4dba54122253ddfb37f2c51bba92f74f</sha1>
					<author>Rusheel</author>
					<branches>refs/heads/master</branches>
					<msg>reverted to previous version</msg>
				</commit><commit>
					<time>1525162920</time>
					<sha1>a5daf0b2a458611cfa0f184581056b78358e39a4</sha1>
					<author>Rusheel</author>
					<branches>refs/heads/master</branches>
					<msg>main class file name error</msg>
				</commit><commit>
					<time>1525162822</time>
					<sha1>a929afe5d1205e7afd1292732717f14277842ab0</sha1>
					<author>Rusheel</author>
					<branches>refs/heads/master</branches>
					<msg>main class file name error</msg>
				</commit><commit>
					<time>1525162554</time>
					<sha1>2396113269a4ec743dd84d984f50744fa4f3be7b</sha1>
					<author>Rusheel</author>
					<branches>refs/heads/master</branches>
					<msg>Made Checkstyle changes in Generator class lines 127-129. Arrange catch block bracket alignment</msg>
				</commit><commit>
					<time>1525162400</time>
					<sha1>7a51e2a77251ba1796b28e3296d0726c1f8698eb</sha1>
					<author>Rusheel</author>
					<branches>refs/heads/master</branches>
					<msg>Aufgabe 1j</msg>
				</commit><commit>
					<time>1525162285</time>
					<sha1>825a7e0c8bb1278e9115dfd6865635dfdd08f6ba</sha1>
					<author>Rusheel</author>
					<branches>refs/heads/master</branches>
					<msg>Aufgabe 1i</msg>
				</commit><commit>
					<time>1525162102</time>
					<sha1>22cd42e6099efd546fddcb35e25b8a3138662562</sha1>
					<author>Rusheel</author>
					<branches>refs/heads/master</branches>
					<msg>Aufgabe 1h</msg>
				</commit><commit>
					<time>1525161955</time>
					<sha1>c5cceed45a45ff23eda6c8335d7c08125b1a1b5f</sha1>
					<author>Rusheel</author>
					<branches>refs/heads/master</branches>
					<msg>Aufgabe 1g</msg>
				</commit><commit>
					<time>1525161853</time>
					<sha1>178edccc19ef5f6b7aa1a2c189be361c31b3dda5</sha1>
					<author>Rusheel</author>
					<branches>refs/heads/master</branches>
					<msg>Aufgabe 1f</msg>
				</commit><commit>
					<time>1525161730</time>
					<sha1>b6da012eb4d834bdd79c555249fb0f58d74ccf45</sha1>
					<author>Rusheel</author>
					<branches>refs/heads/master</branches>
					<msg>Aufgabe 1d</msg>
				</commit><commit>
					<time>1525161676</time>
					<sha1>0c11861ea7409dec5c007d88a045cc707ecff340</sha1>
					<author>Rusheel</author>
					<branches>refs/heads/master</branches>
					<msg>Aufgabe 1d</msg>
				</commit><commit>
					<time>1525161587</time>
					<sha1>6942501f06c755be379055e9977677b2b53f5ee4</sha1>
					<author>Rusheel</author>
					<branches>refs/heads/master</branches>
					<msg>Aufgabe 1c</msg>
				</commit><commit>
					<time>1525161501</time>
					<sha1>d6410b7989b6e110f3798b4464871ee6b3fc86b5</sha1>
					<author>Rusheel</author>
					<branches>refs/heads/master</branches>
					<msg>Aufgabe 1b</msg>
				</commit></changelog>