<changelog><commit>
					<time>1525162554</time>
					<sha1>2396113269a4ec743dd84d984f50744fa4f3be7b</sha1>
					<author>Rusheel</author>
					<branches>refs/heads/master</branches>
					<msg>Made Checkstyle changes in Generator class lines 127-129. Arrange catch block bracket alignment</msg>
				</commit><commit>
					<time>1525162400</time>
					<sha1>7a51e2a77251ba1796b28e3296d0726c1f8698eb</sha1>
					<author>Rusheel</author>
					<branches>refs/heads/master</branches>
					<msg>Aufgabe 1j</msg>
				</commit><commit>
					<time>1525162285</time>
					<sha1>825a7e0c8bb1278e9115dfd6865635dfdd08f6ba</sha1>
					<author>Rusheel</author>
					<branches>refs/heads/master</branches>
					<msg>Aufgabe 1i</msg>
				</commit><commit>
					<time>1525162102</time>
					<sha1>22cd42e6099efd546fddcb35e25b8a3138662562</sha1>
					<author>Rusheel</author>
					<branches>refs/heads/master</branches>
					<msg>Aufgabe 1h</msg>
				</commit><commit>
					<time>1525161955</time>
					<sha1>c5cceed45a45ff23eda6c8335d7c08125b1a1b5f</sha1>
					<author>Rusheel</author>
					<branches>refs/heads/master</branches>
					<msg>Aufgabe 1g</msg>
				</commit><commit>
					<time>1525161853</time>
					<sha1>178edccc19ef5f6b7aa1a2c189be361c31b3dda5</sha1>
					<author>Rusheel</author>
					<branches>refs/heads/master</branches>
					<msg>Aufgabe 1f</msg>
				</commit><commit>
					<time>1525161730</time>
					<sha1>b6da012eb4d834bdd79c555249fb0f58d74ccf45</sha1>
					<author>Rusheel</author>
					<branches>refs/heads/master</branches>
					<msg>Aufgabe 1d</msg>
				</commit><commit>
					<time>1525161676</time>
					<sha1>0c11861ea7409dec5c007d88a045cc707ecff340</sha1>
					<author>Rusheel</author>
					<branches>refs/heads/master</branches>
					<msg>Aufgabe 1d</msg>
				</commit><commit>
					<time>1525161587</time>
					<sha1>6942501f06c755be379055e9977677b2b53f5ee4</sha1>
					<author>Rusheel</author>
					<branches>refs/heads/master</branches>
					<msg>Aufgabe 1c</msg>
				</commit><commit>
					<time>1525161501</time>
					<sha1>d6410b7989b6e110f3798b4464871ee6b3fc86b5</sha1>
					<author>Rusheel</author>
					<branches>refs/heads/master</branches>
					<msg>Aufgabe 1b</msg>
				</commit></changelog>